input,output,task
CC#N,0.26,Solubility
OCC(O)C(O)CO,0.7,Solubility
CC(C)C(C)O,-0.18,Solubility
CCC(C)=O,0.52,Solubility
CCCCCCCCCCCCCCCCO,-7.0,Solubility
CC(C)C(C)C(C)C,-4.8,Solubility
CCCCCCCCC,-5.88,Solubility
CCCBr,-1.73,Solubility
ClC(Br)Br,-1.9,Solubility
CSC,-0.45,Solubility
BrC(Br)Br,-1.91,Solubility
CCCOCC,-0.66,Solubility
CCOC(=O)CC(=O)OCC,-0.82,Solubility
CC(Cl)(Cl)Cl,-2.0,Solubility
CCCCC(=O)OCC,-2.25,Solubility
C#CCCCCC,-3.01,Solubility
CCC(=O)CC,-0.28,Solubility
CCN(CC)C(=S)SSC(=S)N(CC)CC,-4.86,Solubility
CCCCCCCCCO,-3.01,Solubility
C=CCCC,-2.68,Solubility
CC(C)C(O)C(C)C,-1.22,Solubility
CCC(=O)OC,-0.14,Solubility
ClC(Cl)=C(Cl)Cl,-2.54,Solubility
C=CC(=O)OC,-0.22,Solubility
COC(C)=O,0.46,Solubility
CC(C)(C)CCO,-0.5,Solubility
CC(C)CC(C)(C)O,-0.92,Solubility
C=C,-0.4,Solubility
CCS,-0.6,Solubility
CN(C)C(=O)N(C)C,0.94,Solubility
C=CCl,-1.75,Solubility
COC(C)(C)CCCC(C)CC=CC(C)=CC(=O)OC(C)C,-5.19,Solubility
CCC(C)C,-3.18,Solubility
CNC(=O)ON=C(CSC)C(C)(C)C,-1.62,Solubility
C=C(C)C(=C)C,-2.4,Solubility
CCC(C)C(C)C,-4.28,Solubility
CCCC(C)(C)O,-0.49,Solubility
CCCCSP(=O)(SCCCC)SCCCC,-5.14,Solubility
CCC(C)CC,-3.68,Solubility
ClC(Cl)=C(Cl)C(Cl)=C(Cl)Cl,-4.92,Solubility
CC(C)O,0.43,Solubility
CCCC(=O)CCC,-1.3,Solubility
CCSSCC,-2.42,Solubility
CC[N+](=O)[O-],-0.22,Solubility
CC(=O)N(C)C,1.11,Solubility
ClC(Cl)(Cl)C(Cl)(Cl)Cl,-3.67,Solubility
C#CCC,-1.24,Solubility
CCOC(=O)CC(SP(=S)(OC)OC)C(=O)OCC,-3.37,Solubility
CCCCCC(O)CC,-1.98,Solubility
CC(C)C,-2.55,Solubility
CCCCC(=O)CCCC,-2.58,Solubility
CCCCN(CC)C(=O)SCCC,-3.53,Solubility
CCC#CCC,-1.99,Solubility
CC(C)CC(C)O,-0.8,Solubility
C/C=C\CC,-2.54,Solubility
CCCCCC=O,-1.3,Solubility
CCNP(=S)(OC)OC(C)=CC(=O)OC(C)C,-3.408,Solubility
CCOC(=O)N(C)C(=O)CSP(=S)(OCC)OCC,-2.5180000000000002,Solubility
CCC(C)(C)CO,-1.04,Solubility
COP(=S)(OC)SCC(=O)N(C)C=O,-1.995,Solubility
CCOC(C)OCC,-0.43,Solubility
CCCCCCCO,-1.81,Solubility
CCCCC(C=O)CC,-2.13,Solubility
CC(=O)OCC(C)C,-1.21,Solubility
CCC(C=O)CC,-1.52,Solubility
CCC#N,0.28,Solubility
CCCCCCCC(C)=O,-2.58,Solubility
NC(=O)CCl,-0.02,Solubility
C#CCCCCCCC,-4.24,Solubility
C/C=C/CCCC,-3.82,Solubility
CCCCC(C)(C)O,-1.08,Solubility
CCOC(C)=O,-0.04,Solubility
CCCCOC,-0.99,Solubility
CC(C)CCCO,-1.14,Solubility
CCCCCC(=O)OC,-1.87,Solubility
CCCC(C)O,-0.29,Solubility
CCCCOCCCC,-1.85,Solubility
CCCCCCCl,-3.12,Solubility
CC(C)N(C(=O)SCC(Cl)=CCl)C(C)C,-4.2860000000000005,Solubility
CCCCCC(C)C,-5.08,Solubility
CCC(C)(C)C,-3.55,Solubility
C=C(Cl)CSC(=S)N(CC)CC,-3.39,Solubility
CCCCCCCCCCCCO,-4.8,Solubility
C=CCCCCC,-3.73,Solubility
C=C(C)CCC,-3.03,Solubility
CC(=O)C(C)(C)C,-0.72,Solubility
C=CC(C)(O)CCC=C(C)C,-1.99,Solubility
CCC(CC)CO,-1.17,Solubility
CC(=O)OCC(COC(C)=O)OC(C)=O,-0.6,Solubility
CC(C)CCO,-0.51,Solubility
CCOP(=S)(OCC)SCCSCC,-4.23,Solubility
CCC=O,0.58,Solubility
CCC(O)CC,-0.24,Solubility
CCOP(=S)(OCC)SCSP(=S)(OCC)OCC,-5.54,Solubility
CC(C)[N+](=O)[O-],-0.62,Solubility
ClCCCCl,-1.62,Solubility
CCCCCCCCCC(=O)OC,-4.69,Solubility
C=CC(C)C,-2.73,Solubility
C=CCSS(=O)CC=C,-0.83,Solubility
CCCCC(C)O,-0.89,Solubility
CC(Cl)CCl,-1.6,Solubility
CCCCOCCO,-0.42,Solubility
CCCCCOC(=O)CC,-1.28,Solubility
ClCCCl,-1.06,Solubility
Cl/C=C\Cl,-1.3,Solubility
C=C(Cl)Cl,-1.64,Solubility
CCCC(C)=O,-0.19,Solubility
BrCCBr,-1.68,Solubility
COC(C)(C)C,-0.24,Solubility
CCCC(=O)OCC,-1.36,Solubility
CCCl,-1.06,Solubility
ClC(Cl)C(Cl)(Cl)Cl,-2.6,Solubility
CC(C)Br,-1.59,Solubility
CC(=O)OCCC(C)C,-1.92,Solubility
OCC(O)CO,1.12,Solubility
CCCCC(O)CC,-1.47,Solubility
CCC,-1.94,Solubility
CCCCCCCCCCCCCC,-7.96,Solubility
CCOP(=O)(OCC)OCC,0.43,Solubility
C=CC#N,0.15,Solubility
CCOC=O,0.15,Solubility
ClCC(Cl)Cl,-1.48,Solubility
CCCOC,-0.39,Solubility
CCCC(C)(C)CO,-1.52,Solubility
CCBr,-1.09,Solubility
CC(C)CBr,-2.43,Solubility
C=CCCCC,-3.23,Solubility
COP(=O)(OC)OC(Br)C(Cl)(Cl)Br,-2.28,Solubility
CCCCCCCCCCCCCCCO,-6.35,Solubility
CNN,1.34,Solubility
C#CC,-0.41,Solubility
FC(F)(Cl)C(F)(Cl)Cl,-3.04,Solubility
C=CC=O,0.57,Solubility
CCI,-1.6,Solubility
CCCCCCCCl,-4.0,Solubility
CCCCCC(C)O,-1.55,Solubility
O=[N+]([O-])C(Cl)(Cl)Cl,-2.0,Solubility
CCC(C)Cl,-1.96,Solubility
N#CN=C(N)N,-0.31,Solubility
CC(C)CO,0.1,Solubility
CC(C)SC(C)C,-2.24,Solubility
C=C(C)CC,-2.73,Solubility
CI,-1.0,Solubility
CCCC,-2.57,Solubility
COP(=O)(NC(C)=O)SC,0.54,Solubility
CCCCCC(C)=O,-1.45,Solubility
CCNC(=S)NCC,-1.46,Solubility
CCCCCCCCCC(C)O,-2.94,Solubility
CCCCCBr,-3.08,Solubility
CCC(O)C(C)C,-0.7,Solubility
ClC=C(Cl)Cl,-1.96,Solubility
CCCCCl,-2.03,Solubility
ClCCl,-0.63,Solubility
CCCCC(C)(O)CC,-1.6,Solubility
CC(C)=CCCC(C)=CC=O,-2.06,Solubility
CCCC(=O)OC,-1.92,Solubility
N#CC(Cl)(Cl)Cl,-2.168,Solubility
CCCCCCCCO,-2.39,Solubility
CC(C)COC=O,-1.01,Solubility
CCCCCCCCCCCCCCCC,-8.4,Solubility
CCCCCCC(=O)OCC,-2.74,Solubility
CCCOCCC,-1.62,Solubility
CCCCC(CC)CO,-2.11,Solubility
CCCSCCC,-2.58,Solubility
CCSCC,-1.34,Solubility
CCC(C)O,0.47,Solubility
ClC(Cl)Cl,-1.17,Solubility
CCCI,-2.29,Solubility
CCCCCCC,-4.53,Solubility
CC(=O)OC(C)C,-0.55,Solubility
CCOC(=O)CC,-0.66,Solubility
CCCCCCCCC(=O)OCC,-3.8,Solubility
CCC(C)CO,-0.47,Solubility
CC(C)N(C(=O)SCC(Cl)=C(Cl)Cl)C(C)C,-4.88,Solubility
CCC(Br)(CC)C(=O)NC(N)=O,-2.68,Solubility
FC(F)(F)C(Cl)Br,-1.71,Solubility
CCC(C)(O)CC,-0.36,Solubility
CCCCCCCCBr,-5.06,Solubility
CCCCCCCCC(=O)OC,-3.38,Solubility
CC(C)I,-2.09,Solubility
C#CCCC,-1.64,Solubility
N#CCCCl,-0.29,Solubility
CCCC(C)(C)C,-4.36,Solubility
CCCCCCCC(C)O,-2.74,Solubility
CCN(CC)C(=O)C(Cl)=CCOP(=O)(OC)OC,0.523,Solubility
CCCCCO,-0.6,Solubility
CCCC(=O)CC,-0.83,Solubility
CC(C)C(C)(C)C,-4.36,Solubility
CC(C)C(C)C,-3.65,Solubility
O=[N+]([O-])OCC(CO[N+](=O)[O-])O[N+](=O)[O-],-2.22,Solubility
N#CCCl,-0.092,Solubility
CCCCCCCCCCCCCCO,-5.84,Solubility
CCCCCCCCCCO,-3.63,Solubility
CC=C(C)C,-2.56,Solubility
CCCCCC(C)(C)O,-1.72,Solubility
C=CC,-1.08,Solubility
C=CC(=C)C,-2.03,Solubility
CCC(C)CCO,-0.71,Solubility
CCCOC(=O)CCC,-1.75,Solubility
CCOC(N)=O,0.85,Solubility
CCCCC(=O)OC,-1.34,Solubility
C=COCC,-0.85,Solubility
CCCCBr,-2.37,Solubility
CCCC(C)(O)CC,-0.98,Solubility
NC(N)=O,0.96,Solubility
CO,1.57,Solubility
CCOP(=S)(OCC)SCSCC,-4.11,Solubility
CC(C)CCC(C)(C)C,-5.05,Solubility
CCCO,0.62,Solubility
NC(N)=S,0.32,Solubility
COC=O,0.58,Solubility
ClCC(Cl)(Cl)Cl,-2.18,Solubility
CCCCC=O,-0.85,Solubility
C#CCCCC,-2.36,Solubility
CCO,1.1,Solubility
CC(C)OC(C)C,-1.1,Solubility
CC,-1.36,Solubility
CNC(=O)ON=C(SC)C(=O)N(C)C,0.106,Solubility
CCC(C)(C)O,0.15,Solubility
ClC(Cl)C(Cl)Cl,-1.74,Solubility
CC(=O)CC(C)C,-0.74,Solubility
CCCCCCC(C)O,-2.09,Solubility
CCCCCOC(C)=O,-1.89,Solubility
CC(C)CCl,-2.0,Solubility
CCCOC(C)=O,-0.72,Solubility
C[N+](=O)[O-],0.26,Solubility
ICI,-2.34,Solubility
CN(C)C(=S)SSC(=S)N(C)C,-3.9,Solubility
CCCCC,-3.18,Solubility
C=CCCCO,-0.15,Solubility
C=CC(O)CCC,-0.59,Solubility
CC(C)=CCC/C(C)=C\CO,-2.46,Solubility
ClCCBr,-1.32,Solubility
CCCCCCCCCCCCCCCCCCCC,-8.172,Solubility
CCCOC(C)C,-1.34,Solubility
CC=CC=O,0.32,Solubility
CC(C)Cl,-1.41,Solubility
CCOP(=S)(OCC)SCSC(C)(C)C,-4.755,Solubility
CCCCS,-2.18,Solubility
C#C,0.29,Solubility
CCCCCCl,-2.73,Solubility
C=CCCCCCC,-4.44,Solubility
CCCCI,-2.96,Solubility
C,-0.9,Solubility
CC(C)CCOC=O,-1.52,Solubility
CCCCCCCCCCCC(=O)OC,-4.69,Solubility
CCSCCSP(=S)(OC)OC,-3.091,Solubility
C=CC=C,-1.87,Solubility
CCOCCOCC,-0.77,Solubility
CCCC(C)(COC(N)=O)COC(N)=O,-1.807,Solubility
CC(C)CC(C)C,-4.26,Solubility
C#CCCCCCC,-3.66,Solubility
ClC(Cl)(Cl)Cl,-2.31,Solubility
CCCC=C(C=O)CC,-2.46,Solubility
CC(C)OC=O,-0.63,Solubility
CC(N)=O,1.58,Solubility
CCCCCCO,-1.24,Solubility
C/C=C/CC,-2.54,Solubility
CC(Cl)Cl,-1.29,Solubility
CCCCOC=O,-1.37,Solubility
CCC(C)(C)CC,-4.23,Solubility
CNC(=O)C=C(C)OP(=O)(OC)OC,0.6509999999999999,Solubility
CCCC=O,-0.01,Solubility
CCCCCCCCCCCCCCCCCCO,-8.4,Solubility
CNC(=O)C(C)SCCSP(=O)(OC)OC,1.1440000000000001,Solubility
CCCCCCBr,-3.81,Solubility
CCC(O)(CC)CC,-0.85,Solubility
CCCCl,-1.47,Solubility
CCCCCCCCCCCCCCCCCCCCCCCCCC,-8.334,Solubility
BrCBr,-1.17,Solubility
CCCCCCC(C)=O,-2.05,Solubility
CCCCCCCC,-5.24,Solubility
CCCCO,0.0,Solubility
CCOCC,-0.09,Solubility
CCCCOC(=O)CCCCCCCCC(=O)OCCCC,-3.8960000000000004,Solubility
CC(C)CC(C)(C)C,-4.74,Solubility
FC(F)(Cl)C(F)(F)Cl,-2.74,Solubility
CCCCCCCCCC(=O)OCC,-4.1,Solubility
CCCCCC(=O)OCC,-2.35,Solubility
CC(=O)C(C)C,-0.12,Solubility
CSSC,-1.44,Solubility
C=CCCC=C,-2.68,Solubility
C=CCCCCCCCC,-5.51,Solubility
CCCCCCCBr,-4.43,Solubility
C/C=C/C=O,0.32,Solubility
CCCCCC,-3.84,Solubility
CCCCC(C)=O,-0.8,Solubility
CCCCCCCI,-4.81,Solubility
BrC(Br)(Br)Br,-3.14,Solubility
CCCCCCCC(=O)OCC,-3.39,Solubility
COCOC,0.48,Solubility
ClC(Cl)Br,-1.54,Solubility
CCSC(=O)N(CC(C)C)CC(C)C,-3.68,Solubility
C=CCC,-1.94,Solubility
C=CCCCCCCC,-5.05,Solubility
CCC[N+](=O)[O-],-0.8,Solubility
CCC(C)(C)Cl,-2.51,Solubility
CCCOC=O,-0.49,Solubility
C=C(C)C,-2.33,Solubility
CC(C)C(=O)C(C)C,-1.3,Solubility
C=CCC=C,-2.09,Solubility
CCCC(C)CO,-1.11,Solubility
ClCBr,-0.89,Solubility
CCCC(O)CCC,-1.4,Solubility
CBr,-0.79,Solubility
CC(O)C(C)(C)C,-0.62,Solubility
CCCCCCCCC(C)=O,-3.3,Solubility
CCCCC(C)CC,-5.16,Solubility
COP(=O)(OC)C(O)C(Cl)(Cl)Cl,-0.22,Solubility
CCC(C)C(C)=O,-0.67,Solubility
CCCCCCCC(=O)OC,-3.17,Solubility
CCCOC(=O)CC,-0.82,Solubility
CC(C)(C)CO,-0.4,Solubility
CCCC(O)CC,-0.8,Solubility
CCCC(C)C,-3.74,Solubility
COP(=S)(OC)SCC(=O)N(C1=CC=C(Cl)C=C1)C(C)C,-4.4319999999999995,Solubility
CNC(=O)OC1=CC=CC=C1OC(C)C,-2.05,Solubility
COC1=CC=CC(Cl)=C1,-2.78,Solubility
COP(=S)(OC)OC1=CC(Cl)=C(Br)C=C1Cl,-6.09,Solubility
CC1=CC=CC(C)=C1,-2.82,Solubility
COP(=S)(OC)OC1=CC=C([N+](=O)[O-])C=C1Cl,-4.31,Solubility
CC(C)(C)CC1=CC=CC=C1,-4.15,Solubility
OC1=CC=CC(Cl)=C1Cl,-1.3,Solubility
FC1=CC=CC(Br)=C1,-2.67,Solubility
CCCN(CCC)C1=C([N+](=O)[O-])C=C(C(F)(F)F)C=C1[N+](=O)[O-],-5.68,Solubility
N#CC1=CC(I)=C(O)C(I)=C1,-3.61,Solubility
CON(C)C(=O)NC1=CC=C(Br)C(Cl)=C1,-3.924,Solubility
CN(C)C(=O)NC1=CC=CC(C(F)(F)F)=C1,-3.43,Solubility
CCCCC(CC)COC(=O)C1=CC=CC=C1C(=O)OCC(CC)CCCC,-6.96,Solubility
NC(=O)NCC1=CC=CC=C1,-0.95,Solubility
CC1=CC=C(Br)C=C1,-3.19,Solubility
CCC1=CC=CC=C1C,-3.21,Solubility
CC(=O)NC1=CC=C([N+](=O)[O-])C=C1,-2.6919999999999997,Solubility
COP(=O)(OC)OC(=CCl)C1=CC(Cl)=C(Cl)C=C1Cl,-4.522,Solubility
ClC1=CC=CC=C1Br,-3.19,Solubility
CNC(=O)OC1=CC(C)=CC(C)=C1,-2.5810000000000004,Solubility
CCOP(=S)(OCC)ON=C(C#N)C1=CC=CC=C1,-4.862,Solubility
CON(C)C(=O)NC1=CC=C(Cl)C=C1,-2.57,Solubility
CCCN(CCC)C1=C([N+](=O)[O-])C=C(C(C)C)C=C1[N+](=O)[O-],-6.49,Solubility
O=CC1=CC=C(O)C=C1,-0.96,Solubility
CCOC(=O)C1=CC=CC=C1,-2.32,Solubility
CC1=CC=C(S(N)(=O)=O)C=C1,-1.74,Solubility
BrC1=CC=C(Br)C(Br)=C1,-4.5,Solubility
COP(=S)(OC)OC1=CC=C(SC)C(C)=C1,-4.57,Solubility
CCCN(CCC)C1=C([N+](=O)[O-])C=C(S(N)(=O)=O)C=C1[N+](=O)[O-],-5.16,Solubility
O=[N+]([O-])C1=C(Cl)C(Cl)=C(Cl)C(Cl)=C1Cl,-5.82,Solubility
O=CC1=CC=CC=C1,-1.19,Solubility
NC(=O)C1=CC=CC=C1,-0.96,Solubility
COC1=CC=C(NC(=O)N(C)C)C=C1Cl,-2.5639999999999996,Solubility
CC(C)OC(=O)NC1=CC=CC(Cl)=C1,-3.38,Solubility
CCOC1=CC=CC=C1,-2.33,Solubility
FC1=CC=CC(F)=C1,-2.0,Solubility
OC1=C(Cl)C=CC(Cl)=C1Cl,-2.64,Solubility
COCC(=O)N(C1=C(C)C=CC=C1C)C(C)C(=O)OC,-1.601,Solubility
BrC1=CC=CC=C1,-2.55,Solubility
FC1=CC=CC=C1,-1.8,Solubility
O=[N+]([O-])C1=CC=CC=C1[N+](=O)[O-],-3.1,Solubility
COP(=S)(OC)OC1=CC(Cl)=C(Cl)C=C1Cl,-5.72,Solubility
CN(C)C(=O)SCCCCOC1=CC=CC=C1,-3.927,Solubility
CCOC(=O)C1=CC=C(O)C=C1,-2.35,Solubility
CCOP(=S)(OCC)OC1=CC=C(S(C)=O)C=C1,-2.3,Solubility
CNC1=CC=CC=C1,-1.28,Solubility
COC1=CC=CC=C1,-1.85,Solubility
N#CC1=CC(Br)=C(O)C(Br)=C1,-3.33,Solubility
CC1=CC=C(C)C=C1,-2.77,Solubility
OC1=C(Cl)C=CC=C1Cl,-1.79,Solubility
OC1=C(Cl)C=C(Cl)C(Cl)=C1Cl,-3.1,Solubility
OC1=CC=C(Cl)C=C1,-0.7,Solubility
OC1=CC(Cl)=CC(Cl)=C1Cl,-2.67,Solubility
N#CC1=CC=CC=C1,-1.0,Solubility
CC1=CC=C([N+](=O)[O-])C=C1,-2.49,Solubility
CC1=CC=CC(O)=C1,-0.68,Solubility
C=CCC1=CC=C(OC)C=C1,-2.92,Solubility
BrC1=CC=CC(Br)=C1,-3.54,Solubility
CC1=CC=CC=C1C(C)C,-3.76,Solubility
CCC1=CC=C(C)C=C1,-3.11,Solubility
NC1=CC=CC=C1O,-0.72,Solubility
C#CC(C)N(C)C(=O)NC1=CC=C(Cl)C=C1,-3.9,Solubility
BrC1=CC=C(I)C=C1,-4.56,Solubility
CCCCOC1=CC=C(C(=O)OCC)C(N(CC)CC)=C1,-3.84,Solubility
CCN(CC)C1=CC=CC=C1,-3.03,Solubility
OCCOC1=CC=CC=C1,-0.7,Solubility
FC(F)(F)C1=CC=CC=C1,-2.51,Solubility
OC1=CC=C(O)C=C1,-0.17,Solubility
CN(C)C(=O)NC1=CC=CC(OC(=O)NC(C)(C)C)=C1,-2.93,Solubility
CNC(=O)OC1=CC=CC(N=CN(C)C)=C1,-2.34,Solubility
NC1=CC=C(O)C=C1,-0.8,Solubility
OC1=CC=C(Br)C=C1,-1.09,Solubility
COC(=O)C1=CC=CC=C1C(=O)OC,-1.66,Solubility
CN(C)C(=O)NC1=CC=C(Cl)C(Cl)=C1,-3.8,Solubility
CC1=CC=C(O)C=C1,-0.73,Solubility
CC1=CC=CC=C1,-2.21,Solubility
NC1=CC=CC(Cl)=C1,-1.37,Solubility
CCC1=CC=CC=C1CC,-3.28,Solubility
ClC1=CC=CC(Br)=C1,-3.21,Solubility
CCOC(=O)C1=CC=C(N)C=C1,-2.616,Solubility
CCN(CC)C1=C([N+](=O)[O-])C=C(C(F)(F)F)C(N)=C1[N+](=O)[O-],-5.47,Solubility
CCOC1=CC=C(NC(C)=O)C=C1,-2.35,Solubility
COC1=CC=CC=C1Cl,-2.46,Solubility
OC1=CC(Cl)=C(Cl)C=C1Cl,-2.21,Solubility
CC(=O)NC1=CC(NS(=O)(=O)C(F)(F)F)=C(C)C=C1C,-3.24,Solubility
CNC(=O)OC1=CC=CC=C1,-1.8030000000000002,Solubility
COC(=O)C1=CC(O)=C(O)C(O)=C1,-1.24,Solubility
C=CCC1=CC=C(O)C(OC)=C1,-1.56,Solubility
OC1=CC=CC=C1Cl,-1.06,Solubility
CC(C)(C)C1=CC=CC=C1,-3.66,Solubility
ClC1=CC(Cl)=C(Cl)C(Cl)=C1,-4.63,Solubility
SC1=CC=CC=C1,-2.12,Solubility
CNC(=O)OC1=CC=C(N(C)C)C(C)=C1,-2.36,Solubility
ClC1=CC=CC(I)=C1,-3.55,Solubility
O=[N+]([O-])C1=CC=CC=C1,-1.8,Solubility
ClC1=CC=C(Cl)C(Cl)=C1Cl,-4.57,Solubility
FC1=CC=CC=C1Br,-2.7,Solubility
CCCCN(CC)C1=C([N+](=O)[O-])C=C(C(F)(F)F)C=C1[N+](=O)[O-],-5.53,Solubility
BrC1=CC=C(Br)C=C1,-4.07,Solubility
CC1=CC=CC(N)=C1,-0.85,Solubility
CC1=CC=C(C(C)C)C=C1,-3.77,Solubility
CN(C)C(=O)NC1=CC=CC=C1,-1.6,Solubility
N=C(N)NS(=O)(=O)C1=CC=C(N)C=C1,-1.99,Solubility
NC1=CC=CC=C1,-0.41,Solubility
CC1=CC(C)=C(C)C(C)=C1C,-4.0,Solubility
CC(O)C1=CC=CC=C1,-0.92,Solubility
O=[N+]([O-])C1=CC=CC(O)=C1,-1.01,Solubility
CC(C)OP(=S)(OC(C)C)SCCNS(=O)(=O)C1=CC=CC=C1,-4.2,Solubility
C=C(C)CN(CC)C1=C([N+](=O)[O-])C=C(C(F)(F)F)C=C1[N+](=O)[O-],-6.124,Solubility
CS(=O)(=O)C1=CC=C(C(O)C(CO)NC(=O)C(Cl)Cl)C=C1,-2.154,Solubility
CC(=O)C1=CC=CC=C1,-1.28,Solubility
CC1=CC(Cl)=CC=C1N=CN(C)C,-2.86,Solubility
CCCC1=CC=CC=C1,-3.37,Solubility
CC1=CC=CC=C1C,-2.8,Solubility
OC1=CC(Cl)=C(Cl)C(Cl)=C1Cl,-3.15,Solubility
FC1=CC=C(F)C=C1,-1.97,Solubility
CC1=CC=C(C(C)C)C=C1O,-2.08,Solubility
OC1=CC=CC=C1O,0.62,Solubility
OC1=CC=C(Cl)C=C1Cl,-1.55,Solubility
COC1=CC=C(C=O)C=C1,-1.49,Solubility
O=[N+]([O-])C1=CC=C(O)C=C1,-0.74,Solubility
O=[N+]([O-])C1=CC=CC=C1Cl,-2.55,Solubility
CCC1=CC=C(CC)C=C1,-3.75,Solubility
CC1=CC=C(O)C=C1C,-1.38,Solubility
ClCC1=CC=CC=C1,-2.39,Solubility
BrC1=CC=CC=C1Br,-3.5,Solubility
NC1=CC=CC=C1[N+](=O)[O-],-1.96,Solubility
OC1=CC=CC=C1,0.0,Solubility
CC(=O)NC1=CC=CC=C1,-1.33,Solubility
CC1=CC=CC(C)=C1C,-3.2,Solubility
COC(=O)C1=CC=C(O)C=C1,-1.827,Solubility
CCOC(=O)C=CC1=CC=CC=C1,-3.0,Solubility
ClC1=CC(Cl)=CC(Cl)=C1,-4.48,Solubility
C=CC1=CC=CC=C1,-2.82,Solubility
CC1=CC=CC(C)=C1O,-1.29,Solubility
CC1=CC=CC=C1Br,-2.23,Solubility
CON(C)C(=O)NC1=CC=C(Cl)C(Cl)=C1,-3.592,Solubility
CCNC(=O)C(C)OC(=O)NC1=CC=CC=C1,-1.83,Solubility
CCCCCC1=CC=CC=C1,-4.64,Solubility
NNC1=CC=CC=C1,0.07,Solubility
CC1=CC=CC=C1Cl,-3.52,Solubility
CCCCOCN(C(=O)CCl)C1=C(CC)C=CC=C1CC,-4.19,Solubility
CC(=O)NC1=CC=C(F)C=C1,-1.78,Solubility
CC(=O)NC1=CC=C(Cl)C=C1,-2.843,Solubility
CCCCCCC1=CC=C(O)C=C1O,-2.59,Solubility
CNC(=O)OC1=CC=CC=C1C(C)C,-2.863,Solubility
O=[N+]([O-])C1=CC=CC(Cl)=C1Cl,-3.48,Solubility
COC1=CC=CC=C1O,-1.96,Solubility
CN(C)C(=O)NC1=CC=C(Cl)C=C1,-2.89,Solubility
ClC1=CC(Cl)=C(Cl)C(Cl)=C1Cl,-5.65,Solubility
CC1=CC([N+](=O)[O-])=CC([N+](=O)[O-])=C1O,-1.456,Solubility
CC(C)N(C(=O)CCl)C1=CC=CC=C1,-2.48,Solubility
CC(C)C1=CC=CC=C1,-3.27,Solubility
CCOP(=S)(OCC)SCSC1=CC=C(Cl)C=C1,-5.736000000000001,Solubility
COC1=C(O)C(Cl)=C(Cl)C(Cl)=C1Cl,-4.02,Solubility
CCOC(=O)C1=CC=CC=C1C(=O)OCC,-2.35,Solubility
CC(C)CCCCCOC(=O)C1=CC=CC=C1C(=O)OCCCCCC(C)C,-6.6370000000000005,Solubility
CCC1=CC=CC(CC)=C1N(COC)C(=O)CCl,-3.26,Solubility
CC1=C(C)C(C)=C(C)C(C)=C1C,-5.23,Solubility
CC1=C(C)C=C(C)C(C)=C1,-4.59,Solubility
CCCCOC(=O)C1=CC=C(N)C=C1,-3.082,Solubility
CC(C)C1=CC=C(NC(=O)N(C)C)C=C1,-3.536,Solubility
CC(C)CC1=CC=CC=C1,-4.12,Solubility
NC1=CC=C(Cl)C=C1,-1.66,Solubility
O=C(NC(CO)C(O)C1=CC=C([N+](=O)[O-])C=C1)C(Cl)Cl,-2.1109999999999998,Solubility
ClC1=CC=CC=C1Cl,-3.05,Solubility
CC1=CC(C)=CC(O)=C1,-1.4,Solubility
CC1=CC(C)=CC(C)=C1,-3.4,Solubility
ClC1=C(Cl)C=C(Cl)C(Cl)=C1,-5.56,Solubility
O=[N+]([O-])C1=CC=CC=C1O,-1.74,Solubility
OC1=CC=C(Cl)C(Cl)=C1Cl,-2.67,Solubility
NC(=S)NC1=CC=CC=C1,-1.77,Solubility
OC1=CC(Cl)=CC(Cl)=C1,-1.34,Solubility
CCOP(=S)(OCC)OC1=CC=C([N+](=O)[O-])C=C1,-4.66,Solubility
CCCCCCCCOC(=O)C1=CC=CC=C1C(=O)OCCCCCCCC,-5.115,Solubility
CC1=CC(C)=C(O)C(C)=C1,-2.05,Solubility
CCC(C)C1=CC([N+](=O)[O-])=CC([N+](=O)[O-])=C1O,-3.38,Solubility
O=C(NC1=CC=CC(Cl)=C1)OCC#CCCl,-4.37,Solubility
CC1=CC=C(C)C(C)=C1,-3.31,Solubility
COP(=S)(OC)OC1=CC(Cl)=C(I)C=C1Cl,-6.62,Solubility
COC1=CC=CC=C1[N+](=O)[O-],-1.96,Solubility
CC1=CC=C([N+](=O)[O-])C=C1[N+](=O)[O-],-2.82,Solubility
CC(C)(C)C1=CC=C(O)C=C1,-2.41,Solubility
CCCCC1=CC=CC=C1,-4.06,Solubility
CCOP(=S)(CC)OC1=CC(Cl)=C(Cl)C=C1Cl,-5.752000000000001,Solubility
CCC1=CC=CC(C)=C1N(C(=O)CCl)C(C)COC,-2.73,Solubility
CCCCCCOC(=O)C1=CC=CC=C1C(=O)OCCCCCC,-6.144,Solubility
ClC1=CC=CC(Cl)=C1,-3.04,Solubility
N#CC1=CC=CC=C1C#N,-2.38,Solubility
CCNC1=CC=CC=C1,-1.7,Solubility
CNC(=O)OC1=CC(C(C)(C)C)=CC(C(C)(C)C)=C1,-4.24,Solubility
N#CC1=C(Cl)C(Cl)=C(Cl)C(C#N)=C1Cl,-5.64,Solubility
O=[N+]([O-])C1=CC=CC([N+](=O)[O-])=C1,-2.29,Solubility
BrC1=CC(Br)=CC(Br)=C1,-5.6,Solubility
OC1=C(Cl)C(Cl)=CC(Cl)=C1Cl,-3.37,Solubility
CCOC1=CC=C(NC(N)=O)C=C1,-2.17,Solubility
CCCCCCC1=CC=CC=C1,-5.21,Solubility
CC1=CC=C(C(C)C)C(O)=C1,-2.22,Solubility
CC1=CC=CC=C1O,-0.62,Solubility
CC1=CC=C(NC(=O)N(C)C)C=C1Cl,-3.483,Solubility
CC1=CC=CC=C1N,-2.21,Solubility
ClC1=CC=C(Cl)C(Cl)=C1,-3.59,Solubility
C1=CC=CC=C1,-1.64,Solubility
COP(=S)(OC)OC1=CC=C([N+](=O)[O-])C(C)=C1,-4.04,Solubility
CN(C)C1=CC=CC=C1,-1.92,Solubility
ClC1=CC=C(I)C=C1,-4.03,Solubility
CCSCC1=CC=CC=C1OC(=O)NC,-2.09,Solubility
OC1=CC=C(Cl)C(Cl)=C1,-1.25,Solubility
ClC1=CC=C(Cl)C=C1,-3.27,Solubility
COC1=CC=CC=C1OCC(O)COC(N)=O,-0.985,Solubility
NC1=CC=C(S(N)(=O)=O)C=C1,-1.34,Solubility
OC1=C(Cl)C(Cl)=C(Cl)C(Cl)=C1Cl,-4.28,Solubility
CC=CC1=CC=C(OC)C=C1,-3.13,Solubility
O=[N+]([O-])C1=CC=C([N+](=O)[O-])C=C1,-3.39,Solubility
CC(=O)NC1=CC=C(Br)C=C1,-3.083,Solubility
CC1=C([N+](=O)[O-])C=C([N+](=O)[O-])C=C1[N+](=O)[O-],-3.22,Solubility
ClC1=CC=C(Br)C=C1,-3.63,Solubility
CCCOC(=O)C1=CC=C(N)C=C1,-2.452,Solubility
CCCCN(C)C(=O)NC1=CC=C(Cl)C(Cl)=C1,-4.77,Solubility
CSC1=CC=CC=C1,-2.39,Solubility
NC1=CC=C([N+](=O)[O-])C=C1,-2.37,Solubility
BrC1=C(Br)C=C(Br)C(Br)=C1,-6.98,Solubility
C#CC(C)OC(=O)NC1=CC=CC(Cl)=C1,-2.617,Solubility
O=[N+]([O-])C1=CC=C(Cl)C(Cl)=C1,-3.2,Solubility
CC1=CC=C(Cl)C=C1,-3.08,Solubility
OC1=CC=CC(Cl)=C1,-0.7,Solubility
OCC1=CC=CC=C1,-0.4,Solubility
COC(=O)C1=CC=CC=C1,-1.85,Solubility
NC1=CC=CC([N+](=O)[O-])=C1,-2.19,Solubility
NC(=O)C1=CC=CC=C1O,-1.82,Solubility
CC1=CC=CC([N+](=O)[O-])=C1,-2.44,Solubility
CCC(=O)NC1=CC=C(Cl)C(Cl)=C1,-3.0,Solubility
OC1=C(Cl)C=C(Cl)C=C1Cl,-2.34,Solubility
O=[N+]([O-])C1=CC([N+](=O)[O-])=CC([N+](=O)[O-])=C1,-2.89,Solubility
COC1=CC=C([N+](=O)[O-])C=C1,-2.41,Solubility
ClC1=CC=CC=C1I,-3.54,Solubility
OC1=CC=CC(O)=C1,0.81,Solubility
COC1=CC=C(Cl)C=C1,-2.78,Solubility
IC1=CC=CC=C1,-3.01,Solubility
CC1=C([N+](=O)[O-])C=CC=C1[N+](=O)[O-],-3.0,Solubility
O=[N+]([O-])C1=CC=C(Cl)C=C1,-2.92,Solubility
CC(=O)NC1=CC=C(O)C=C1,-1.03,Solubility
CC1=CC=CC=C1[N+](=O)[O-],-2.33,Solubility
O=[N+]([O-])C1=CC=CC(Cl)=C1,-2.77,Solubility
CCCCOC(=O)C1=CC=CC=C1C(=O)OCCCC,-4.4,Solubility
CC1=CC=C(O)C(C)=C1,-1.19,Solubility
CCOP(=S)(NC(C)C)OC1=CC=CC=C1C(=O)OC(C)C,-4.194,Solubility
NC1=CC=CC=C1Cl,-1.52,Solubility
CCC1=CC=CC=C1,-2.77,Solubility
ClC1=CC=CC=C1,-2.38,Solubility
ClC1=CC=CC(Cl)=C1Cl,-4.0,Solubility
CC1=CC=C(N)C=C1,-1.21,Solubility
ClC1=CC=CC(C2=CC(Cl)=CC=C2Cl)=C1,-6.01,Solubility
ClC1=CC=C(Cl)C(C2=C(Cl)C(Cl)=C(Cl)C(Cl)=C2Cl)=C1,-8.94,Solubility
ClC1=CC=C(C2=CC(Cl)=CC=C2Cl)C=C1,-6.25,Solubility
ClC1=CC=CC(C2=CC=CC(Cl)=C2Cl)=C1Cl,-7.28,Solubility
ClC1=CC=C(C2=CC=C(Cl)C(Cl)=C2Cl)C(Cl)=C1Cl,-8.01,Solubility
ClC1=CC=CC=C1C1=CC=CC=C1,-4.54,Solubility
OC1=CC=C(C2=CC=CC=C2)C=C1,-3.48,Solubility
ClC1=CC=C(Cl)C(C2=C(Cl)C(Cl)=CC(Cl)=C2Cl)=C1,-7.42,Solubility
ClC1=CC=C(C2=CC=CC=C2Cl)C=C1,-5.28,Solubility
ClC1=CC=C(C2=C(Cl)C=C(Cl)C(Cl)=C2Cl)C(Cl)=C1Cl,-7.66,Solubility
ClC1=CC=C(C2=CC=CC=C2)C=C1Cl,-6.39,Solubility
ClC1=CC(Cl)=C(Cl)C(C2=C(Cl)C(Cl)=CC(Cl)=C2Cl)=C1Cl,-9.15,Solubility
ClC1=CC=CC(C2=CC=CC=C2)=C1,-4.88,Solubility
ClC1=CC=C(C2=CC=C(Cl)C(Cl)=C2Cl)C(Cl)=C1,-7.8,Solubility
ClC1=CC=C(C2=CC(Cl)=C(Cl)C(Cl)=C2Cl)C=C1Cl,-7.82,Solubility
ClC1=CC(C2=CC(Cl)=C(Cl)C(Cl)=C2Cl)=C(Cl)C(Cl)=C1Cl,-9.16,Solubility
CC1=CC=C(C2=CC=CC=C2)C=C1,-4.62,Solubility
ClC1=CC=C(C2=CC=CC(Cl)=C2Cl)C=C1,-6.29,Solubility
ClC1=CC=C(C2=C(Cl)C(Cl)=C(Cl)C(Cl)=C2Cl)C(Cl)=C1,-7.92,Solubility
ClC1=CC(Cl)=C(C2=C(Cl)C=CC=C2Cl)C(Cl)=C1,-7.32,Solubility
ClC1=CC=C(Cl)C(C2=CC=C(Cl)C(Cl)=C2)=C1,-7.25,Solubility
ClC1=CC=C(Cl)C(C2=CC(Cl)=C(Cl)C(Cl)=C2Cl)=C1,-7.68,Solubility
ClC1=CC=C(C2=C(Cl)C=CC(Cl)=C2Cl)C(Cl)=C1,-7.43,Solubility
ClC1=CC=C(C2=CC=C(Cl)C=C2)C=C1,-6.56,Solubility
ClC1=CC(Cl)=C(C2=C(Cl)C=C(Cl)C=C2Cl)C(Cl)=C1,-8.71,Solubility
C1=CC=C(C2=CC=CC=C2)C=C1,-4.345,Solubility
ClC1=CC(Cl)=C(C2=CC(Cl)=C(Cl)C=C2Cl)C=C1Cl,-8.56,Solubility
ClC1=CC=CC=C1C1=CC=CC=C1Cl,-5.27,Solubility
ClC1=CC=CC(C2=C(Cl)C(Cl)=CC(Cl)=C2Cl)=C1Cl,-8.6,Solubility
ClC1=CC=C(C2=C(Cl)C=CC=C2Cl)C=C1,-6.14,Solubility
ClC1=CC(Cl)=C(C2=CC=CC(Cl)=C2Cl)C=C1Cl,-7.21,Solubility
NC1=CC=C(C2=CC=C(N)C=C2)C=C1,-2.7,Solubility
ClC1=CC=CC(Cl)=C1C1=CC=CC=C1,-5.21,Solubility
ClC1=CC=C(C2=CC(Cl)=CC=C2Cl)C(Cl)=C1,-6.57,Solubility
ClC1=CC=CC(Cl)=C1C1=C(Cl)C=CC=C1Cl,-7.39,Solubility
ClC1=C(Cl)C(Cl)=C(C2=CC=CC=C2)C(Cl)=C1Cl,-7.92,Solubility
ClC1=CC=C(Cl)C(C2=CC=CC(Cl)=C2Cl)=C1,-6.47,Solubility
ClC1=CC=C(C2=CC(Cl)=C(Cl)C(Cl)=C2Cl)C(Cl)=C1,-7.39,Solubility
ClC1=C(Cl)C(Cl)=C(C2=C(Cl)C(Cl)=C(Cl)C(Cl)=C2Cl)C(Cl)=C1Cl,-11.6,Solubility
CC1=CC2=CC=CC=C2C=C1C,-4.72,Solubility
CCC1=CC=C2C=CC=CC2=C1,-4.29,Solubility
O=[N+]([O-])C1=CC=CC2=CC=CC=C12,-3.54,Solubility
BrC1=CC=CC2=CC=CC=C12,-4.35,Solubility
IC1=CC=CC2=CC=CC=C12,-4.55,Solubility
OC1=CC=C2C=CC=CC2=C1,-2.28,Solubility
CC1=CC=CC2=CC=CC=C12,-3.7,Solubility
CNC(=O)OC1=CC=CC2=CC=CC=C12,-3.2239999999999998,Solubility
OC1=CC=CC2=CC=CC=C12,-2.22,Solubility
C1=CC=C2C=CC=CC2=C1,-3.6,Solubility
CCC1=CC=CC2=CC=CC=C12,-4.17,Solubility
CC1=CC=C2C=C(C)C=CC2=C1,-4.89,Solubility
NC1=CC=CC2=CC=CC=C12,-1.92,Solubility
ClC1=CC=CC2=CC=CC=C12,-3.93,Solubility
ClC1=CC=C2C=CC=CC2=C1,-4.14,Solubility
CC1=CC=C2C=CC=CC2=C1,-3.77,Solubility
CC1=CC=CC2=C(C)C=CC=C12,-4.678999999999999,Solubility
CC1=CC=C(C)C2=CC=CC=C12,-4.14,Solubility
CCN(CC)C(=O)C(C)OC1=CC=CC2=CC=CC=C12,-3.57,Solubility
BrC1=CC=C2C=CC=CC2=C1,-4.4,Solubility
CC1=CC(C)=C2C=CC=CC2=C1,-4.29,Solubility
CC1(C)C(=O)NC(=O)NC1=O,-1.742,Solubility
CCCC(C)C1(CC)C(=O)NC(=O)NC1=O,-2.39,Solubility
CCC(C)C1(CC)C(=O)NC(=O)NC1=O,-2.39,Solubility
C=CCC1(C(C)CC)C(=O)NC(=O)NC1=O,-2.016,Solubility
CC(C)=CCC1(C(C)C)C(=O)NC(=O)NC1=O,-2.593,Solubility
C=CCC1(C(C)C)C(=O)NC(=O)NC1=O,-1.7080000000000002,Solubility
C=CCC1(C(C)CCC)C(=O)NC(=O)NC1=O,-2.356,Solubility
C=CCC1(CC=C)C(=O)NC(=O)NC1=O,-2.077,Solubility
CCC1(C)C(=O)NC(=O)NC1=O,-1.228,Solubility
CCCCC1(CC)C(=O)NC(=O)NC1=O,-1.661,Solubility
CC(C)C1(C(C)C)C(=O)NC(=O)NC1=O,-2.766,Solubility
C=C(Br)CC1(C(C)CC)C(=O)NC(=O)NC1=O,-2.647,Solubility
C=CCC1(CC)C(=O)NC(=O)NC1=O,-1.614,Solubility
CCC1(CC=C(C)C)C(=O)NC(=O)NC1=O,-2.253,Solubility
CCC1(CC)C(=O)NC(=O)N(C)C1=O,-2.23,Solubility
C=CCC1(C)C(=O)NC(=O)NC1=O,-1.16,Solubility
CCC1(CC)C(=O)NC(=O)NC1=O,-2.4,Solubility
CC(=O)OCC(=O)C1CCC2C3CCC4=CC(=O)CCC4(C)C3CCC12C,-4.63,Solubility
CCC(=O)OC1CCC2C3CCC4=CC(=O)CCC4(C)C3CCC12C,-5.37,Solubility
CC12CCC(=O)C=C1CCC1C2CCC2(C)C(O)CCC12,-4.02,Solubility
C#CC1(O)CCC2C3CCC4=CC(=O)CCC4(C)C3CCC21C,-5.66,Solubility
C#CC1(OC(C)=O)CCC2C3CCC4=CC(=O)CCC4C3CCC21C,-4.8,Solubility
CC12CCC(=O)C=C1CCC1C2C(O)CC2(C=O)C(C(=O)CO)CCC12,-3.85,Solubility
CC12CCC(=O)C=C1CCC1C2CCC2(C)C(C(=O)CO)CCC12,-3.45,Solubility
CC(=O)OC1CCC2C3CCC4=CC(=O)CCC4(C)C3CCC12C,-5.184,Solubility
CC(=O)OC1(C)CCC2C3CCC4=CC(=O)CCC4(C)C3CCC21C,-5.284,Solubility
C#CC1(O)CCC2C3CCC4=CC(=O)CCC4(O)C3CCC21C,-4.57,Solubility
CC12CCC(=O)C=C1CCC1C2C(O)CC2(C)C(C(=O)CO)CCC12,-3.24,Solubility
CC12CCC(=O)C=C1CCC1C2CCC2(C)C1CCC2(C)O,-3.9989999999999997,Solubility
CC12CCC(=O)C=C1CCC1C3CCC(O)(C(=O)CO)C3(C)CC(O)C12F,-3.43,Solubility
CC12CCC(=O)C=C1CCC1C2C(O)CC2(C)C1CCC2(O)C(=O)CO,-3.09,Solubility
CC(=O)OCC(=O)C1(O)CCC2C3CCC4=CC(=O)CCC4(C)C3C(O)CC21C,-4.88,Solubility
CC(=O)C1(O)CCC2C3CCC4=CC(=O)CCC4(C)C3CCC21C,-3.8169999999999997,Solubility
CC(=O)C1CCC2C3CCC4=CC(=O)CCC4(C)C3CCC12C,-4.42,Solubility
CCNC1=NC(NC(C)(C)C)=NC(OC)=N1,-3.239,Solubility
CCN(CC)C1=NC(Cl)=NC(N(CC)CC)=N1,-4.4110000000000005,Solubility
CCNC1=NC(NC(C)(C)C)=NC(SC)=N1,-4.0,Solubility
COC1=NC(NC(C)C)=NC(NC(C)C)=N1,-2.478,Solubility
COCCCNC1=NC(NC(C)C)=NC(SC)=N1,-2.928,Solubility
CSC1=NC(NC(C)C)=NC(NC(C)C)=N1,-4.1,Solubility
CCNC1=NC(Cl)=NC(N(CC)CC)=N1,-4.06,Solubility
CN(C)C1=NC(N(C)C)=NC(N(C)C)=N1,-3.364,Solubility
CSC1=NC(N(C)C)=NC(N(C)C)=N1,-2.676,Solubility
CCNC1=NC(Cl)=NC(NCC)=N1,-4.55,Solubility
CCNC1=NC(Cl)=NC(NC(C)C)=N1,-3.85,Solubility
CCNC1=NC(Cl)=NC(NC(C)(C)C#N)=N1,-3.15,Solubility
CCNC1=NC(NC(C)C)=NC(OC)=N1,-2.084,Solubility
CCNC1=NC(NC(C)C)=NC(SC)=N1,-3.04,Solubility
CCN(CC)C1=NC(Cl)=NC(NC(C)C)=N1,-3.785,Solubility
CC(C)NC1=NC(Cl)=NC(NC(C)C)=N1,-4.43,Solubility
CC1=CC=NC=C1C,0.36,Solubility
CC1=CC=CN=C1C,0.38,Solubility
NNC(=O)C1=CC=NC=C1,0.009000000000000001,Solubility
CCOP(=S)(OCC)OC1=NC(Cl)=C(Cl)C=C1Cl,-5.67,Solubility
CC1=CC=CC(C)=N1,0.45,Solubility
OC1=CC=NC=C1,1.02,Solubility
OC1=CC=CC=N1,1.02,Solubility
NC(=O)C1=CC=CN=C1,0.61,Solubility
C1=CC=NC=C1,0.76,Solubility
ClC1=CC=CC(C(Cl)(Cl)Cl)=N1,-3.76,Solubility
CCC1=CC=CC=N1,0.51,Solubility
CC1=CC=NC(C)=C1,0.38,Solubility
COC(=O)C1=CC=CN=C1,-0.46,Solubility
CC1=CN=CC(C)=C1,0.38,Solubility
C1=CC=C(CC2=CC=CC=C2)C=C1,-4.08,Solubility
ClC1=CC=C(C(C2=CC=CC=C2Cl)C(Cl)Cl)C=C1,-6.51,Solubility
CC(C)OC(=O)C(O)(C1=CC=C(Br)C=C1)C1=CC=C(Br)C=C1,-4.93,Solubility
COC1=CC=C(C(C2=CC=C(OC)C=C2)C(Cl)(Cl)Cl)C=C1,-6.89,Solubility
OC(C1=CC=CC=C1)C1=CC=CC=C1,-2.55,Solubility
CN(C)C(=O)C(C1=CC=CC=C1)C1=CC=CC=C1,-2.98,Solubility
OC1=CC=C(Cl)C=C1CC1=CC(Cl)=CC=C1O,-3.9530000000000003,Solubility
ClC1=CC=C(C(C2=CC=C(Cl)C=C2)C(Cl)(Cl)Cl)C=C1,-7.15,Solubility
ClC1=CC=C(C(C2=CC=C(Cl)C=C2)C(Cl)Cl)C=C1,-7.2,Solubility
OC(C1=CC=C(Cl)C=C1)(C1=CC=C(Cl)C=C1)C(Cl)(Cl)Cl,-5.666,Solubility
CC(C)OC(=O)C(O)(C1=CC=C(Cl)C=C1)C1=CC=CC(Cl)=C1,-4.53,Solubility
ClC1C(Cl)C(Cl)C(Cl)C(Cl)C1Cl,-4.64,Solubility
OC1C(O)C(O)C(O)C(O)C1O,0.35,Solubility
CC1CCC(C(C)C)C(O)C1,-2.53,Solubility
CCC1CCCCC1,-4.25,Solubility
CC1CCC(C)CC1,-4.47,Solubility
CC1CCCCC1C,-4.3,Solubility
C1CCCCC1,-3.1,Solubility
OC1CCCCC1,-0.44,Solubility
CC1CCCCC1,-3.85,Solubility
CCSC(=O)N(CC)C1CCCCC1,-3.4,Solubility
COC1=CN=C2N=CN=CC2=N1,-1.139,Solubility
CC1=CN=C2C=NC=NC2=N1,-0.8540000000000001,Solubility
COC1=NC=C2N=CC=NC2=N1,-1.11,Solubility
COC1=NC=NC2=NC=CN=C12,-1.11,Solubility
COC1=CN=C2C=NC=NC2=N1,-0.91,Solubility
CC1=NC=NC2=NC=CN=C12,-0.466,Solubility
CC1=NC=C2N=CC=NC2=N1,-0.12,Solubility
C1=CN=C2N=CN=CC2=N1,0.02,Solubility
OC1=NC=C2N=CC=NC2=N1,-1.9469999999999998,Solubility
CC12C=CC(=O)C=C1CCC1C2C(O)CC2(C)C1CCC2(O)C(=O)CO,-3.18,Solubility
CC1CC2C3CCC4=CC(=O)C=CC4(C)C3(F)C(O)CC2(C)C1(O)C(=O)CO,-3.59,Solubility
CC(=O)OCC(=O)C1(O)C(C)CC2C3CCC4=CC(=O)C=CC4(C)C3(F)C(O)CC21C,-4.9,Solubility
CC(=O)OCC(=O)C1(O)C(OC(C)=O)CC2C3CCC4=CC(=O)C=CC4(C)C3(F)C(O)CC21C,-4.13,Solubility
CCCCC(=O)OC1(C(=O)CO)C(C)CC2C3CCC4=CC(=O)C=CC4(C)C3(F)C(O)CC21C,-4.71,Solubility
CC(=O)C1(O)CCC2C3CC(C)C4=CC(=O)C=CC4(C)C3(F)C(O)CC21C,-4.099,Solubility
CC1CC2C3CC(F)C4=CC(=O)C=CC4(C)C3(F)C(O)CC2(C)C1(O)C(=O)CO,-5.6129999999999995,Solubility
CC12C=CC(=O)C=C1CCC1C3CC(O)C(O)(C(=O)CO)C3(C)CC(O)C12F,-3.68,Solubility
CC(=O)OCC(=O)C1(O)CCC2C3CCC4=CC(=O)C=CC4(C)C3C(O)CC21C,-4.37,Solubility
CCCC(=O)OCN1C(=O)NC(C2=CC=CC=C2)(C2=CC=CC=C2)C1=O,-5.071000000000001,Solubility
CCCCC(=O)OCN1C(=O)NC(C2=CC=CC=C2)(C2=CC=CC=C2)C1=O,-4.678,Solubility
CCCCCCCC(=O)OCN1C(=O)NC(C2=CC=CC=C2)(C2=CC=CC=C2)C1=O,-6.523,Solubility
CCCCCCC(=O)OCN1C(=O)NC(C2=CC=CC=C2)(C2=CC=CC=C2)C1=O,-6.301,Solubility
CCCCCC(=O)OCN1C(=O)NC(C2=CC=CC=C2)(C2=CC=CC=C2)C1=O,-5.886,Solubility
CC(=O)OCN1C(=O)NC(C2=CC=CC=C2)(C2=CC=CC=C2)C1=O,-4.47,Solubility
CCC(=O)OCN1C(=O)NC(C2=CC=CC=C2)(C2=CC=CC=C2)C1=O,-4.907,Solubility
O=C1NC(=O)C(C2=CC=CC=C2)(C2=CC=CC=C2)N1,-4.0969999999999995,Solubility
O=C1NC=C(F)C(=O)N1,-1.077,Solubility
CC1=CNC(=O)NC1=O,-1.506,Solubility
CN1C=CC(=O)NC1=O,-0.807,Solubility
CSCS(=O)CC(CO)NC(=O)C=CC1=C(C)NC(=O)NC1=O,-1.9809999999999999,Solubility
O=C1C=CNC(=O)N1,-1.4880000000000002,Solubility
CCC(C)N1C(=O)NC(C)=C(Br)C1=O,-2.523,Solubility
CC1=C(Cl)C(=O)N(C(C)(C)C)C(=O)N1,-2.484,Solubility
CC(C)=CC1C(C(=O)OCC2=CC=CC(OC3=CC=CC=C3)=C2)C1(C)C,-5.24,Solubility
CC1(C)C(C(=O)OC(C#N)C2=CC=CC(OC3=CC=CC=C3)=C2)C1(C)C,-6.025,Solubility
CC1(C)C(C=C(Cl)Cl)C1C(=O)OC(C#N)C1=CC=CC(OC2=CC=CC=C2)=C1,-8.017000000000001,Solubility
CC1(C)C(C=C(Cl)Cl)C1C(=O)OCC1=CC=CC(OC2=CC=CC=C2)=C1,-6.291,Solubility
CC1(C)C(C=C(Cl)Cl)C1C(=O)OC(C#N)C1=CC=C(F)C(OC2=CC=CC=C2)=C1,-7.337000000000001,Solubility
CC1(C)C(C=C(Cl)C(F)(F)F)C1C(=O)OC(C#N)C1=CC=CC(OC2=CC=CC=C2)=C1,-8.176,Solubility
CC1(C)C(C=C(Br)Br)C1C(=O)OC(C#N)C1=CC=CC(OC2=CC=CC=C2)=C1,-8.402000000000001,Solubility
O=[N+]([O-])C1=CC=C(OC2=CC=C(Cl)C=C2Cl)C=C1,-5.46,Solubility
COC1=CC=C(OC2=CC=C(NC(=O)N(C)C)C=C2)C=C1,-4.16,Solubility
OC1=CC(Cl)=CC=C1OC1=CC=C(Cl)C=C1Cl,-4.46,Solubility
CCOC(=O)NCCOC1=CC=C(OC2=CC=CC=C2)C=C1,-4.7,Solubility
C1=CC=C(OC2=CC=CC=C2)C=C1,-3.96,Solubility
CN(C)C(=O)NC1=CC=C(OC2=CC=C(Cl)C=C2)C=C1,-4.89,Solubility
CCN1C2=NC=CC=C2C(=O)NC2=C(C)C=C(C)N=C21,-4.553999999999999,Solubility
CCN1C2=NC=CC=C2C(=O)N(C)C2=CC=C(Cl)N=C21,-4.114,Solubility
CCN1C2=NC=CC=C2C(=O)N(C)C2=CC=CN=C21,-2.62,Solubility
CCN1C(=O)C2=CC=CN=C2N(CC)C2=NC=CC=C21,-2.86,Solubility
CCN1C2=NC=CC=C2C(=O)NC2=C(C(F)(F)F)C=C(C)N=C21,-4.207,Solubility
CCN1C2=NC(N(C)CCO)=CC=C2NC(=O)C2=CC=CN=C21,-3.36,Solubility
CC1=C2C=CC=CC2=CC2=CC=CC=C12,-5.89,Solubility
OC1=C2C=CC=CC2=CC2=CC=CC=C12,-4.73,Solubility
CC1=C2C=CC=CC2=C(C)C2=CC=CC=C12,-6.57,Solubility
C1=CC=C2C=C3C=CC=CC3=CC2=C1,-6.35,Solubility
NC1=CC=C2C=C3C=CC=CC3=CC2=C1,-5.17,Solubility
CC1=CC=C2C=C3C=CC=CC3=CC2=C1,-6.96,Solubility
O=C1CN=C(C2=CC=CC=C2)C2=CC([N+](=O)[O-])=CC=C2N1,-3.7960000000000003,Solubility
O=C1NC2=CC=C(Cl)C=C2C(C2=CC=CC=C2Cl)=NC1O,-3.6039999999999996,Solubility
CN1C(=O)CN=C(C2=CC=CC=C2)C2=CC([N+](=O)[O-])=CC=C21,-3.7960000000000003,Solubility
O=C1NC2=CC=C(Cl)C=C2C(C2=CC=CC=C2)=NC1O,-3.952,Solubility
CN1C(=O)CN=C(C2=CC=CC=C2)C2=CC(Cl)=CC=C21,-3.7539999999999996,Solubility
O=C1CN=C(C2=CC=CC=C2Cl)C2=CC([N+](=O)[O-])=CC=C2N1,-3.4989999999999997,Solubility
CC1=C(C)C2=C3C=CC=CC3=CC=C2C2=CC=CC=C12,-7.01,Solubility
NC1=CC2=C3C=CC=CC3=CC=C2C2=CC=CC=C12,-6.2,Solubility
CC1=CC2=CC=CC=C2C2=CC=C3C=CC=CC3=C12,-6.59,Solubility
CC1=CC2=C3C=CC=CC3=CC=C2C2=CC=CC=C12,-6.57,Solubility
C1=CC=C2C(=C1)C=CC1=C3C=CC=CC3=CC=C21,-8.057,Solubility
CC1=NC(N(C)C)=NC(OC(=O)N(C)C)=C1C,-1.95,Solubility
CCCCC1=C(C)N=C(NCC)N=C1OS(=O)(=O)N(C)C,-4.16,Solubility
CCOP(=S)(OCC)OC1=CC(C)=NC(C(C)C)=N1,-3.64,Solubility
CCCCC1=C(C)N=C(N(C)C)N=C1O,-2.24,Solubility
C1=CN=CN=C1,1.1,Solubility
CC1=CC=C2C=CC(C)=NC2=C1,-1.94,Solubility
C1=CC=C2N=CC=CC2=C1,-1.3,Solubility
OC1=CC=C2N=CC=CC2=C1,-2.16,Solubility
OC1=CC=CC2=NC=CC=C12,-2.54,Solubility
OC1=CC=CC2=CC=CN=C12,-2.42,Solubility
CN1C(=O)C2=C(N=CN2CC(O)CO)N(C)C1=O,-0.17,Solubility
CN1C=NC2=C1C(=O)NC(=O)N2C,-2.523,Solubility
CN1C(=O)C2=C(N=CN2)N(C)C1=O,-1.39,Solubility
CN1C(=O)C2=C(N=CN2C)N(C)C1=O,-0.8759999999999999,Solubility
O=C(NC1=CC=C([N+](=O)[O-])C=C1Cl)C1=CC(Cl)=CC=C1O,-4.7,Solubility
O=C(NC1=CC=CC=C1)C1=CC=CC=C1O,-3.59,Solubility
O=C(NC1=CC=CC=C1)C1=CC=CC=C1I,-4.21,Solubility
CC1=CC=CC(C)=C1NC(=O)C1=CC(S(N)(=O)=O)=C(Cl)C=C1O,-3.79,Solubility
CCN1C2=CC=CC=C2N(C)C(=O)C2=CC=CN=C21,-3.324,Solubility
CCN1C2=CC(N(C)C)=CC(C)=C2NC(=O)C2=CC=CN=C21,-4.871,Solubility
CCN1C2=CC(OC)=CC(C)=C2NC(=O)C2=CC=CN=C21,-5.153,Solubility
CCN1C2=CC(Cl)=CC=C2NC(=O)C2=CC=CN=C21,-5.36,Solubility
CC1CCCC1,-3.3,Solubility
C1CCCC1,-2.64,Solubility
CCCC1CCCC1,-4.74,Solubility
CCCCCC1CCCC1,-6.08,Solubility
OC1COC(O)C(O)C1O,0.39,Solubility
OCC1OC(O)C(O)C(O)C1O,0.74,Solubility
C1CCOCC1,-0.03,Solubility
CC1=CNC(=O)N=C1N,-1.4580000000000002,Solubility
NC1=NC(=O)NC=C1F,-0.972,Solubility
NC1=NC(=O)NC=C1,-1.155,Solubility
CCOP(=S)(OCC)N1C(=O)C2=CC=CC=C2C1=O,-3.35,Solubility
CCOP(=S)(OCC)SC(CCl)N1C(=O)C2=CC=CC=C2C1=O,-6.34,Solubility
O=C1NC(=O)C2=CC=CC=C12,-2.61,Solubility
CN(C)C(=O)NC1CCCCCCC1,-2.218,Solubility
OC1CCCCCCC1,-1.29,Solubility
C1CCCCCCC1,-4.15,Solubility
CNC1=C(Cl)C(=O)N(C2=CC=CC(C(F)(F)F)=C2)N=C1,-4.046,Solubility
NC1=C(Br)C(=O)N(C2=CC=CC=C2)N=C1,-3.127,Solubility
NC1=C(Cl)C(=O)N(C2=CC=CC=C2)N=C1,-2.878,Solubility
CNC(=O)OC1=CC=CC2=C1OC(C)(C)C2,-2.8,Solubility
CCOC1OC2=CC=C(OS(C)(=O)=O)C=C2C1(C)C,-3.42,Solubility
CCOC(=O)CCN(SN(C)C(=O)OC1=CC=CC2=C1OC(C)(C)C2)C(C)C,-4.71,Solubility
CCCCC1C(=O)N(C2=CC=CC=C2)N(C2=CC=CC=C2)C1=O,-3.81,Solubility
CCCCC1C(=O)N(C2=CC=CC=C2)N(C2=CC=C(O)C=C2)C1=O,-3.73,Solubility
CC(=O)CCC1C(=O)N(C2=CC=CC=C2)N(C2=CC=CC=C2)C1=O,-3.27,Solubility
ClC1=C(Cl)C2(Cl)C3C(Cl)C=CC3C1(Cl)C2(Cl)Cl,-6.317,Solubility
ClC1=C(Cl)C2(Cl)C3CC=CC3C1(Cl)C2(Cl)Cl,-5.64,Solubility
OC1C=CC2C1C1(Cl)C(Cl)=C(Cl)C2(Cl)C1(Cl)Cl,-5.46,Solubility
CC1=CC(=O)N(C2=CC=CC=C2)N1C,0.715,Solubility
CC1=C(N(C)C)C(=O)N(C2=CC=CC=C2)N1C,-0.364,Solubility
CC1=C(N)C(=O)N(C2=CC=CC=C2)N1C,-0.624,Solubility
CC1=CC=C2C(=C1)C=CC1=CC=CC=C12,-5.84,Solubility
CC1=CC=CC2=C1C=CC1=CC=CC=C12,-5.85,Solubility
C1=CC=C2C(=C1)C=CC1=CC=CC=C12,-5.26,Solubility
SC1=NC2=CC=CC=C2S1,-3.18,Solubility
CCOC1=CC=C2N=C(S(N)(=O)=O)SC2=C1,-3.81,Solubility
C1=CC=C2SC=NC2=C1,-1.5,Solubility
CC1CCCO1,0.11,Solubility
OCC1OC(O)(CO)C(O)C1O,0.64,Solubility
C1CCOC1,0.49,Solubility
C1=COC=C1,-0.82,Solubility
O=[N+]([O-])C1=CC=C(C=NO)O1,-2.19,Solubility
O=CC1=CC=CO1,-0.1,Solubility
C=C(C)C1CC=C(C)CC1,-4.26,Solubility
C1=CCCCC1,-2.59,Solubility
CC1=CCCCC1,-3.27,Solubility
CC12CCC3C4=CC=C(O)C=C4CCC3C1CCC2O,-5.03,Solubility
C#CC1(O)CCC2C3CCC4=CC(O)=CC=C4C3CCC21C,-4.3,Solubility
CC12CCC3C4=CC=C(O)C=C4CCC3C1CC(O)C2O,-4.955,Solubility
CC1=CC(=O)CC(C)(C)C1,-1.06,Solubility
C=C(C)C1CC=C(C)C(=O)C1,-2.06,Solubility
CN(C)C(=O)OC1=CC(=O)CC(C)(C)C1,-0.85,Solubility
OC(C1=CC=CC=C1)C(O)C1=CC=CC=C1,-1.93,Solubility
C1=CC=C(CCC2=CC=CC=C2)C=C1,-4.62,Solubility
CCC(C1=CC=C(O)C=C1)C(CC)C1=CC=C(O)C=C1,-4.43,Solubility
O=C(NC(=O)C1=C(F)C=CC=C1F)NC1=CC=C(Cl)C=C1,-6.02,Solubility
O=C(NC(=O)C1=C(F)C=CC=C1F)NC1=CC(Cl)=C(F)C(Cl)=C1F,-7.28,Solubility
CC(=O)OC1(C(C)=O)CCC2C3C=C(C)C4=CC(=O)CCC4(C)C3CCC21C,-5.35,Solubility
CC(=O)C1(C)CCC2C3C=C(C)C4=CC(=O)CCC4(C)C3CCC21C,-5.27,Solubility
CN(C)C(=O)NC1=CC=C(N2N=C(C(C)(C)C)OC2=O)C(Cl)=C1,-4.328,Solubility
CC(C)OC1=CC(N2N=C(C(C)(C)C)OC2=O)=C(Cl)C=C1Cl,-5.696000000000001,Solubility
CCCC(C)C1(CC)C(=O)NC(=S)NC1=O,-3.36,Solubility
C=CCC1(C(C)CCC)C(=O)NC(=S)NC1=O,-3.46,Solubility
CC1=CC=C2C(=C1)C=CC1=C3CCC4=C3C(=CC=C4)C=C12,-7.92,Solubility
C1=CC2=C3C(=C4C=CC5=CC=CC=C5C4=CC3=C1)CC2,-7.85,Solubility
NC1=NC(O)=NC2=C1NC=N2,-3.4010000000000002,Solubility
NC1=NC=NC2=C1NC=N2,-2.12,Solubility
CC1=CC(S(=O)(=O)C2=CC=CC=C2)=CC=C1NS(=O)(=O)C(F)(F)F,-3.8,Solubility
NC1=CC=C(S(=O)(=O)C2=CC=C(N)C=C2)C=C1,-3.094,Solubility
CC1=CC=C2C(=C1)OC1=NC=C(N)C=C1C(=O)N2C,-3.043,Solubility
CN1C(=O)C2=CC=CN=C2OC2=CC=CC=C21,-3.6719999999999997,Solubility
O=C1CCCCC1,-0.6,Solubility
CC1CCC(C(C)C)C(=O)C1,-2.35,Solubility
CC12CCC(C1)C(C)(C)C2=O,-1.85,Solubility
CC12CCC(CC1=O)C2(C)C,-1.96,Solubility
CCOP(=S)(OCC)OC1=NN(C(C)C)C(Cl)=N1,-3.658,Solubility
NC1=NNC=N1,0.522,Solubility
CCN1C(=O)C2=CC=CC=C2OC2=CC=CC=C21,-3.68,Solubility
CC1=CC=C2OC3=CC=C(N)C=C3N(C)C(=O)C2=C1,-3.928,Solubility
C1=CC=C2C(=C1)CC1=CC=CC=C12,-5.0,Solubility
CC1=CC=CC2=C1CC1=CC=CC=C12,-5.22,Solubility
NC(=O)NC1NC(=O)NC1=O,-1.6,Solubility
O=C1CNC(=O)N1,-0.4,Solubility
OCC1=CC=CC=C1OC1OC(CO)C(O)C(O)C1O,-0.85,Solubility
